name,MDVP:Fo(Hz),MDVP:Jitter(%),MDVP:Shimmer,NHR,status
person_1,119.992,0.00784,0.04374,0.02211,1
person_2,122.400,0.00544,0.03590,0.01958,0
person_3,116.682,0.01050,0.05720,0.02850,1
person_4,125.500,0.00400,0.03000,0.01700,0
person_5,130.000,0.00800,0.05000,0.03000,1
